region,Resource,technology,cluster,R_ID,Zone,Num_VRE_Bins,THERM,VRE,Nuclear,Geothermal,MUST_RUN,STOR,FLEX,HYDRO,LDS,ESR_1,ESR_2,ESR_3,ESR_4,ESR_5,ESR_6,ESR_7,ESR_8,MinCapTag_1,MinCapTag_2,MinCapTag_3,MinCapTag_4,MinCapTag_5,MinCapTag_6,MinCapTag_7,MinCapTag_8,MinCapTag_9,MinCapTag_10,MinCapTag_11,MinCapTag_12,MinCapTag_13,MinCapTag_14,MinCapTag_15,MinCapTag_16,MinCapTag_17,MinCapTag_18,MinCapTag_19,MinCapTag_20,MinCapTag_21,CapRes_1,CapRes_2,Min_Share,Max_Share,Existing_Cap_MWh,Existing_Cap_MW,Existing_Charge_Cap_MW,num_units,unmodified_existing_cap_mw,New_Build,Cap_Size,Min_Cap_MW,Max_Cap_MW,Max_Cap_MWh,Min_Cap_MWh,Max_Charge_Cap_MW,Min_Charge_Cap_MW,Min_Share_percent,Max_Share_percent,capex_mw,Inv_Cost_per_MWyr,Fixed_OM_Cost_per_MWyr,capex_mwh,Inv_Cost_per_MWhyr,Fixed_OM_Cost_per_MWhyr,Var_OM_Cost_per_MWh,Var_OM_Cost_per_MWh_In,Inv_Cost_Charge_per_MWyr,Fixed_OM_Cost_Charge_per_MWyr,Start_Cost_per_MW,Start_Fuel_MMBTU_per_MW,Heat_Rate_MMBTU_per_MWh,heat_rate_mmbtu_mwh_iqr,heat_rate_mmbtu_mwh_std,Fuel,Min_Power,Self_Disch,Eff_Up,Eff_Down,Hydro_Energy_to_Power_Ratio,Min_Duration,Max_Duration,Reg_Max,Rsv_Max,Reg_Cost,Rsv_Cost,Max_Flexible_Demand_Delay,Max_Flexible_Demand_Advance,Flexible_Demand_Energy_Eff,CO2_Capture_Rate,CO2_Capture_Cost_per_Metric_Ton,Ramp_Up_Percentage,Ramp_Dn_Percentage,Up_Time,Down_Time,spur_miles,spur_capex,offshore_spur_miles,offshore_spur_capex,tx_miles,tx_capex,interconnect_annuity,regional_cost_multiplier,cap_recovery_years,wacc_real,variable_CF,RETRO,Num_RETRO_Sources,Retro1_Source,Retro1_Efficiency,Retro1_Inv_Cost_per_MWyr,Retro2_Source,Retro2_Efficiency,Retro2_Inv_Cost_per_MWyr,DAC_ID,CAPEX_per_MWh_yr,CAPEX_per_MW_Charge_yr,CAPEX_per_MW_Discharge_yr
TRE,TRE_batteries_1,Batteries,1,1,1,0,0,0,0,0,0,1,0,0,0,0,0,0,0,0,0,0,0,0,0,0,0,0,0,0,0,0,0,0,0,0,0,0,0,0,0,0,0,0,0.95,0,0,0,3695.5,2267.8,0,46,2267.8,-1,49.3,0,0,0,0,0,0,0,0,0,0,6235,0,0,0,0.15,0.15,0,0,0,0,10.34,0,0,None,0,0,0.92,0.92,0,1,10,0,0,0,0,0,0,0,0,0,1,1,0,0,0,0,0,0,0,0,0,0,0,0,0,0,0,0,0,0,0,0,0,0,0,0,0
TRE,TRE_biomass_1,Biomass,1,2,1,0,0,0,0,0,1,0,0,0,0,0,0,0,0,0,0,0,0,0,0,0,0,0,0,0,0,0,0,0,0,0,0,0,0,0,0,0,0,0,0.93,0,0,0,0,33.9,0,24,150.096,-1,1.41,0,0,0,0,0,0,0,0,0,0,150850,0,0,0,6.48,0,0,0,172,0,15.09,0.67,1.2,biomass,0.606,0,1,1,0,0,0,0,0,0,0,0,0,0,0,0,1,1,0,0,0,0,0,0,0,0,0,0,0,0,0,0,0,0,0,0,0,0,0,0,0,0,0
TRE,TRE_conventional_hydroelectric_1,Conventional Hydroelectric,1,3,1,0,0,0,0,0,0,0,0,1,0,0,0,0,0,0,0,0,0,0,0,0,0,0,0,0,0,0,0,0,0,0,0,0,0,0,0,0,0,0,0.8,0,0,0,0,483,0,22,483.01,-1,21.96,0,0,0,0,0,0,0,0,0,0,47048,0,0,0,0,0,0,0,0,0,10.34,0,0,None,0,0,1,1,1,0,0,0,0,0,0,0,0,0,0,0,1,1,0,0,0,0,0,0,0,0,0,0,0,0,0.094297837,0,0,0,0,0,0,0,0,0,0,0,0
TRE,TRE_conventional_steam_coal_1,Conventional Steam Coal,1,4,1,0,1,0,0,0,0,0,0,0,0,0,0,0,0,0,0,0,0,0,0,0,0,0,0,0,0,0,0,0,0,0,0,0,0,0,0,0,0,0,0.93,0,0,0,0,6063.6,0,9,6063.597,0,673.73,0,0,0,0,0,0,0,0,0,0,59930,0,0,0,1.88,0,0,0,124,16.5,10.15,0.998,0.645,west_south_central_coal,0.5,0,1,1,0,0,0,0.095,0.19,0,0,0,0,0,0,0,0.57,0.57,24,24,0,0,0,0,0,0,0,0,0,0,0,0,0,0,0,0,0,0,0,0,0,0,0
TRE,TRE_conventional_steam_coal_2,Conventional Steam Coal,2,5,1,0,1,0,0,0,0,0,0,0,0,0,0,0,0,0,0,0,0,0,0,0,0,0,0,0,0,0,0,0,0,0,0,0,0,0,0,0,0,0,0.93,0,0,0,0,6227,0,11,6227.001,0,566.09,0,0,0,0,0,0,0,0,0,0,66659,0,0,0,1.88,0,0,0,124,16.5,11.97,0.944,0.673,west_south_central_coal,0.5,0,1,1,0,0,0,0.095,0.19,0,0,0,0,0,0,0,0.57,0.57,24,24,0,0,0,0,0,0,0,0,0,0,0,0,0,0,0,0,0,0,0,0,0,0,0
TRE,TRE_natural_gas_fired_combined_cycle_1,Natural Gas Fired Combined Cycle,1,6,1,0,1,0,0,0,0,0,0,0,0,0,0,0,0,0,0,0,0,0,0,0,0,0,0,0,0,0,0,0,0,0,0,0,0,0,0,0,0,0,0.93,0,0,0,0,6615.8,0,26,6615.804,0,254.45,0,0,0,0,0,0,0,0,0,0,15734,0,0,0,4.37,0,0,0,92,2,9.4,3.827,2.338,west_south_central_naturalgas,0.3,0,1,1,0,0,0,0.106666667,0.213333333,0,0,0,0,0,0,0,0.64,0.64,6,6,0,0,0,0,0,0,0,0,0,0,0,0,0,0,0,0,0,0,0,0,0,0,0
TRE,TRE_natural_gas_fired_combined_cycle_2,Natural Gas Fired Combined Cycle,2,7,1,0,1,0,0,0,0,0,0,0,0,0,0,0,0,0,0,0,0,0,0,0,0,0,0,0,0,0,0,0,0,0,0,0,0,0,0,0,0,0,0.93,0,0,0,0,30909.3,0,58,30909.302,0,532.92,0,0,0,0,0,0,0,0,0,0,10785,0,0,0,3.59,0,0,0,92,2,7.69,0.861,1.025,west_south_central_naturalgas,0.3,0,1,1,0,0,0,0.106666667,0.213333333,0,0,0,0,0,0,0,0.64,0.64,6,6,0,0,0,0,0,0,0,0,0,0,0,0,0,0,0,0,0,0,0,0,0,0,0
TRE,TRE_natural_gas_fired_combustion_turbine_1,Natural Gas Fired Combustion Turbine,1,8,1,0,1,0,0,0,0,0,0,0,0,0,0,0,0,0,0,0,0,0,0,0,0,0,0,0,0,0,0,0,0,0,0,0,0,0,0,0,0,0,0.93,0,0,0,0,6658.1,0,111,6658.113,0,59.98,0,0,0,0,0,0,0,0,0,0,10518,0,0,0,5.28,0,0,0,119,3.5,11.37,4.27,2.016,west_south_central_naturalgas,0.3,0,1,1,0,0,0,0.106666667,0.213333333,0,0,0,0,0,0,0,3.78,3.78,1,1,0,0,0,0,0,0,0,0,0,0,0,0,0,0,0,0,0,0,0,0,0,0,0
TRE,TRE_natural_gas_fired_combustion_turbine_2,Natural Gas Fired Combustion Turbine,2,9,1,0,1,0,0,0,0,0,0,0,0,0,0,0,0,0,0,0,0,0,0,0,0,0,0,0,0,0,0,0,0,0,0,0,0,0,0,0,0,0,0.93,0,0,0,0,1648.3,0,47,1648.29,0,35.07,0,0,0,0,0,0,0,0,0,0,13945,0,0,0,5.28,0,0,0,119,3.5,11.52,1.413,3.636,west_south_central_naturalgas,0.3,0,1,1,0,0,0,0.106666667,0.213333333,0,0,0,0,0,0,0,3.78,3.78,1,1,0,0,0,0,0,0,0,0,0,0,0,0,0,0,0,0,0,0,0,0,0,0,0
TRE,TRE_natural_gas_internal_combustion_engine_1,Natural Gas Internal Combustion Engine,1,10,1,0,1,0,0,0,0,0,0,0,0,0,0,0,0,0,0,0,0,0,0,0,0,0,0,0,0,0,0,0,0,0,0,0,0,0,0,0,0,0,0.93,0,0,0,0,845.3,0,325,845.325,0,2.6,0,0,0,0,0,0,0,0,0,0,21000,0,0,0,4.51,0,0,0,38,0,8.76,0,0.414,west_south_central_naturalgas,0.18,0,1,1,0,0,0,0.106666667,0.213333333,0,0,0,0,0,0,0,3.78,3.78,1,1,0,0,0,0,0,0,0,0,0,0,0,0,0,0,0,0,0,0,0,0,0,0,0
TRE,TRE_natural_gas_steam_turbine_1,Natural Gas Steam Turbine,1,11,1,0,1,0,0,0,0,0,0,0,0,0,0,0,0,0,0,0,0,0,0,0,0,0,0,0,0,0,0,0,0,0,0,0,0,0,0,0,0,0,0.93,0,0,0,0,7739.2,0,36,7739.208,0,214.98,0,0,0,0,0,0,0,0,0,0,34674,0,0,0,1.06,0,0,0,87,13.7,13.28,2.686,3.586,west_south_central_naturalgas,0.5,0,1,1,0,0,0,0.63,1.26,0,0,0,0,0,0,0,0.64,0.64,6,6,0,0,0,0,0,0,0,0,0,0,0,0,0,0,0,0,0,0,0,0,0,0,0
TRE,TRE_nuclear_1,Nuclear,1,12,1,0,1,0,1,0,0,0,0,0,0,0,0,0,0,0,0,0,0,0,0,0,0,0,0,0,0,0,0,0,0,0,0,0,0,0,0,0,0,0,0.93,0,0,0,0,5120,0,4,5120,1,1280,5120,0,0,0,0,0,0,0,0,0,193275,0,0,0,2.84,0,0,0,248,0,10.45,0,0,west_south_central_uranium,0.5,0,1,1,0,0,0,0.041666667,0.083333333,0,0,0,0,0,0,0,0.25,0.25,24,24,0,0,0,0,0,0,0,0,0,0,0,0,0,0,0,0,0,0,0,0,0,0,0
TRE,TRE_onshore_wind_turbine_1,Onshore Wind Turbine,1,13,1,1,0,1,0,0,0,0,0,0,0,0,0,0,0,0,0,0,0,0,0,0,0,0,0,0,0,0,0,0,0,0,0,0,0,0,0,0,0,0,0.8,0,0,0,0,12315.8,0,63,12315.807,0,195.49,0,0,0,0,0,0,0,0,0,0,43000,0,0,0,0,0,0,0,0,0,10.34,0,0,None,0,0,1,1,0,0,0,0,0,0,0,0,0,0,0,0,1,1,0,0,0,0,0,0,0,0,0,0,0,0,0.264549772,0,0,0,0,0,0,0,0,0,0,0,0
TRE,TRE_petroleum_liquids_1,Petroleum Liquids,1,14,1,0,1,0,0,0,0,0,0,0,0,0,0,0,0,0,0,0,0,0,0,0,0,0,0,0,0,0,0,0,0,0,0,0,0,0,0,0,0,0,0.93,0,0,0,0,146,0,203,145.957,0,0.72,0,0,0,0,0,0,0,0,0,0,21000,0,0,0,4.95,0,0,0,38,0,9.63,0,1.349,west_south_central_distillate,0.18,0,1,1,0,0,0,0,0,0,0,0,0,0,0,0,3.78,3.78,1,1,0,0,0,0,0,0,0,0,0,0,0,0,0,0,0,0,0,0,0,0,0,0,0
TRE,TRE_small_hydroelectric_1,Small Hydroelectric,1,15,1,0,0,0,0,0,1,0,0,0,0,0,0,0,0,0,0,0,0,0,0,0,0,0,0,0,0,0,0,0,0,0,0,0,0,0,0,0,0,0,0.8,0,0,0,0,11.2,0,16,56.096,-1,0.7,0,0,0,0,0,0,0,0,0,0,47048,0,0,0,0,0,0,0,0,0,10.34,0,0,None,0,0,1,1,0,0,0,0,0,0,0,0,0,0,0,0,1,1,0,0,0,0,0,0,0,0,0,0,0,0,0.094297837,0,0,0,0,0,0,0,0,0,0,0,0
TRE,TRE_solar_photovoltaic_1,Solar Photovoltaic,1,16,1,1,0,1,0,0,0,0,0,0,0,0,0,0,0,0,0,0,0,0,0,0,0,0,0,0,0,0,0,0,0,0,0,0,0,0,0,0,0,0,0.8,0,0,0,0,11155.6,0,114,11155.584,0,97.86,0,0,0,0,0,0,0,0,0,0,22623,0,0,0,0,0,0,0,0,0,10.34,0,0,None,0,0,1,1,0,0,0,0,0,0,0,0,0,0,0,0,1,1,0,0,0,0,0,0,0,0,0,0,0,0,0.217775808,0,0,0,0,0,0,0,0,0,0,0,0
TRE_WEST,TRE_WEST_batteries_1,Batteries,1,17,2,0,0,0,0,0,0,1,0,0,0,0,0,0,0,0,0,0,0,0,0,0,0,0,0,0,0,0,0,0,0,0,0,0,0,0,0,0,0,0,0.95,0,0,0,3634.5,1937.5,0,47,1937.481,-1,41.22,0,0,0,0,0,0,0,0,0,0,6235,0,0,0,0.15,0.15,0,0,0,0,10.34,0,0,None,0,0,0.92,0.92,0,1,10,0,0,0,0,0,0,0,0,0,1,1,0,0,0,0,0,0,0,0,0,0,0,0,0,0,0,0,0,0,0,0,0,0,0,0,0
TRE_WEST,TRE_WEST_natural_gas_fired_combined_cycle_1,Natural Gas Fired Combined Cycle,1,18,2,0,1,0,0,0,0,0,0,0,0,0,0,0,0,0,0,0,0,0,0,0,0,0,0,0,0,0,0,0,0,0,0,0,0,0,0,0,0,0,0.93,0,0,0,0,3197.2,0,10,3197.2,0,319.72,0,0,0,0,0,0,0,0,0,0,10744,0,0,0,3.59,0,0,0,92,2,6.97,0.631,0.879,west_south_central_naturalgas,0.3,0,1,1,0,0,0,0.106666667,0.213333333,0,0,0,0,0,0,0,0.64,0.64,6,6,0,0,0,0,0,0,0,0,0,0,0,0,0,0,0,0,0,0,0,0,0,0,0
TRE_WEST,TRE_WEST_natural_gas_fired_combined_cycle_2,Natural Gas Fired Combined Cycle,2,19,2,0,1,0,0,0,0,0,0,0,0,0,0,0,0,0,0,0,0,0,0,0,0,0,0,0,0,0,0,0,0,0,0,0,0,0,0,0,0,0,0.93,0,0,0,0,393.1,0,3,393.099,0,131.03,0,0,0,0,0,0,0,0,0,0,16492,0,0,0,4.55,0,0,0,92,2,10.59,3.495,3.942,west_south_central_naturalgas,0.3,0,1,1,0,0,0,0.106666667,0.213333333,0,0,0,0,0,0,0,0.64,0.64,6,6,0,0,0,0,0,0,0,0,0,0,0,0,0,0,0,0,0,0,0,0,0,0,0
TRE_WEST,TRE_WEST_natural_gas_fired_combustion_turbine_1,Natural Gas Fired Combustion Turbine,1,20,2,0,1,0,0,0,0,0,0,0,0,0,0,0,0,0,0,0,0,0,0,0,0,0,0,0,0,0,0,0,0,0,0,0,0,0,0,0,0,0,0.93,0,0,0,0,872,0,11,872.003,0,79.27,0,0,0,0,0,0,0,0,0,0,9701,0,0,0,5.28,0,0,0,119,3.5,14.89,1.722,0.899,west_south_central_naturalgas,0.3,0,1,1,0,0,0,0.106666667,0.213333333,0,0,0,0,0,0,0,3.78,3.78,1,1,0,0,0,0,0,0,0,0,0,0,0,0,0,0,0,0,0,0,0,0,0,0,0
TRE_WEST,TRE_WEST_natural_gas_fired_combustion_turbine_2,Natural Gas Fired Combustion Turbine,2,21,2,0,1,0,0,0,0,0,0,0,0,0,0,0,0,0,0,0,0,0,0,0,0,0,0,0,0,0,0,0,0,0,0,0,0,0,0,0,0,0,0.93,0,0,0,0,336,0,2,336,0,168,0,0,0,0,0,0,0,0,0,0,9701,0,0,0,5.28,0,0,0,119,3.5,10.8,0,0,west_south_central_naturalgas,0.3,0,1,1,0,0,0,0.106666667,0.213333333,0,0,0,0,0,0,0,3.78,3.78,1,1,0,0,0,0,0,0,0,0,0,0,0,0,0,0,0,0,0,0,0,0,0,0,0
TRE_WEST,TRE_WEST_natural_gas_internal_combustion_engine_1,Natural Gas Internal Combustion Engine,1,22,2,0,1,0,0,0,0,0,0,0,0,0,0,0,0,0,0,0,0,0,0,0,0,0,0,0,0,0,0,0,0,0,0,0,0,0,0,0,0,0,0.93,0,0,0,0,9.1,0,20,9.1,0,0.46,0,0,0,0,0,0,0,0,0,0,21000,0,0,0,4.2,0,0,0,38,0,8.16,0,0,west_south_central_naturalgas,0.18,0,1,1,0,0,0,0.106666667,0.213333333,0,0,0,0,0,0,0,3.78,3.78,1,1,0,0,0,0,0,0,0,0,0,0,0,0,0,0,0,0,0,0,0,0,0,0,0
TRE_WEST,TRE_WEST_natural_gas_steam_turbine_1,Natural Gas Steam Turbine,1,23,2,0,1,0,0,0,0,0,0,0,0,0,0,0,0,0,0,0,0,0,0,0,0,0,0,0,0,0,0,0,0,0,0,0,0,0,0,0,0,0,0.93,0,0,0,0,624,0,2,624,0,312,0,0,0,0,0,0,0,0,0,0,31200,0,0,0,1.06,0,0,0,87,13.7,11.98,0,0,west_south_central_naturalgas,0.5,0,1,1,0,0,0,0.63,1.26,0,0,0,0,0,0,0,0.64,0.64,6,6,0,0,0,0,0,0,0,0,0,0,0,0,0,0,0,0,0,0,0,0,0,0,0
TRE_WEST,TRE_WEST_onshore_wind_turbine_1,Onshore Wind Turbine,1,24,2,1,0,1,0,0,0,0,0,0,0,0,0,0,0,0,0,0,0,0,0,0,0,0,0,0,0,0,0,0,0,0,0,0,0,0,0,0,0,0,0.8,0,0,0,0,25571.9,0,142,25571.928,0,180.08,0,0,0,0,0,0,0,0,0,0,43000,0,0,0,0,0,0,0,0,0,10.34,0,0,None,0,0,1,1,0,0,0,0,0,0,0,0,0,0,0,0,1,1,0,0,0,0,0,0,0,0,0,0,0,0,0.341900825,0,0,0,0,0,0,0,0,0,0,0,0
TRE_WEST,TRE_WEST_petroleum_liquids_1,Petroleum Liquids,1,25,2,0,1,0,0,0,0,0,0,0,0,0,0,0,0,0,0,0,0,0,0,0,0,0,0,0,0,0,0,0,0,0,0,0,0,0,0,0,0,0,0.93,0,0,0,0,58.9,0,93,58.869,0,0.63,0,0,0,0,0,0,0,0,0,0,21000,0,0,0,4.74,0,0,0,38,0,9.21,0,0,west_south_central_distillate,0.18,0,1,1,0,0,0,0,0,0,0,0,0,0,0,0,3.78,3.78,1,1,0,0,0,0,0,0,0,0,0,0,0,0,0,0,0,0,0,0,0,0,0,0,0
TRE_WEST,TRE_WEST_solar_photovoltaic_1,Solar Photovoltaic,1,26,2,1,0,1,0,0,0,0,0,0,0,0,0,0,0,0,0,0,0,0,0,0,0,0,0,0,0,0,0,0,0,0,0,0,0,0,0,0,0,0,0.8,0,0,0,0,9661.6,0,54,9661.626,0,178.92,0,0,0,0,0,0,0,0,0,0,22623,0,0,0,0,0,0,0,0,0,10.34,0,0,None,0,0,1,1,0,0,0,0,0,0,0,0,0,0,0,0,1,1,0,0,0,0,0,0,0,0,0,0,0,0,0.243740825,0,0,0,0,0,0,0,0,0,0,0,0
TRE,TRE_distributed_generation_1,distributed_generation,1,27,1,0,0,0,0,0,1,0,0,0,0,0,0,0,0,0,0,0,0,0,0,0,0,0,0,0,0,0,0,0,0,0,0,0,0,0,0,0,0,0,0.8,0,0,0,0,8153,0,0,0,-1,0,0,0,0,0,0,0,0,0,0,0,0,0,0,0,0,0,0,0,0,0,0,0,0,None,0,0,1,1,0,0,0,0,0,0,0,0,0,0,0,0,1,1,0,0,0,0,0,0,0,0,0,0,0,0,0.236609247,0,0,0,0,0,0,0,0,0,0,0,0
TRE_WEST,TRE_WEST_distributed_generation_1,distributed_generation,1,28,2,0,0,0,0,0,1,0,0,0,0,0,0,0,0,0,0,0,0,0,0,0,0,0,0,0,0,0,0,0,0,0,0,0,0,0,0,0,0,0,0.8,0,0,0,0,443,0,0,0,-1,0,0,0,0,0,0,0,0,0,0,0,0,0,0,0,0,0,0,0,0,0,0,0,0,None,0,0,1,1,0,0,0,0,0,0,0,0,0,0,0,0,1,1,0,0,0,0,0,0,0,0,0,0,0,0,0.236607763,0,0,0,0,0,0,0,0,0,0,0,0
TRE,TRE_naturalgas_ccccsavgcf_conservative_0,NaturalGas_CCCCSAvgCF_Conservative,0,29,1,0,1,0,0,0,0,0,0,0,0,0,0,0,0,0,0,0,0,0,0,0,0,0,0,0,0,0,0,0,0,0,0,0,0,0,0,0,0,0,0.93,0,0,0,0,0,0,0,0,1,500,0,-1,-1,0,0,0,0,0,2292360,122972,67000,0,0,0,6,0,0,0,106,0,7.16,0,0,west_south_central_naturalgas,0.6,0,1,1,0,0,0,0.106666667,0.213333333,0,0,0,0,0,0.9,-40,0.64,0.64,6,6,20,86660,0,0,0,0,0,0.938,30,0.036,0,0,0,0,0,0,0,0,0,0,0,0,0
TRE,TRE_naturalgas_ccavgcf_moderate_0,NaturalGas_CCAvgCF_Moderate,0,30,1,0,1,0,0,0,0,0,0,0,0,0,0,0,0,0,0,0,0,0,0,0,0,0,0,0,0,0,0,0,0,0,0,0,0,0,0,0,0,0,0.93,0,0,0,0,0,0,0,0,1,500,0,-1,-1,0,0,0,0,0,919930,47280,28000,0,0,0,2,0,0,0,106,2,6.36,0,0,west_south_central_naturalgas,0.3,0,1,1,0,0,0,0,0,0,0,0,0,0,0,0,0.64,0.64,6,6,10,43330,0,0,0,0,0,0.889,30,0.036,0,0,0,0,0,0,0,0,0,0,0,0,0
TRE,TRE_naturalgas_ctavgcf_moderate_0,NaturalGas_CTAvgCF_Moderate,0,31,1,0,1,0,0,0,0,0,0,0,0,0,0,0,0,0,0,0,0,0,0,0,0,0,0,0,0,0,0,0,0,0,0,0,0,0,0,0,0,0,0.93,0,0,0,0,0,0,0,0,1,100,0,-1,-1,0,0,0,0,0,792572,40710,21000,0,0,0,5,0,0,0,137,3.5,9.72,0,0,west_south_central_naturalgas,0.3,0,1,1,0,0,0,0,0,0,0,0,0,0,0,0,3.78,3.78,1,1,10,43330,0,0,0,0,0,0.882,30,0.036,0,0,0,0,0,0,0,0,0,0,0,0,0
TRE,TRE_battery_moderate_0,Battery_*_Moderate,0,32,1,0,0,0,0,0,0,1,0,0,0,0,0,0,0,0,0,0,0,0,0,0,0,0,0,0,0,0,0,0,0,0,0,0,0,0,0,0,0,0,0.95,0,0,0,0,0,0,0,0,1,1,0,-1,-1,0,0,0,0,0,134030,10847,6303,96327.982,7795,4530,0.15,0.15,0,0,0,0,0,0,0,None,0,0,0.92,0.92,0,1,10,0,0,0,0,0,0,0,0,0,1,1,0,0,0,0,0,0,0,0,0,1,15,0.025,0,0,0,0,0,0,0,0,0,0,0,0,0
TRE,TRE_nuclear_nuclear_moderate_0,Nuclear_Nuclear_Moderate,0,33,1,0,1,0,1,0,0,0,0,0,0,0,0,0,0,0,0,0,0,0,0,0,0,0,0,0,0,0,0,0,0,0,0,0,0,0,0,0,0,0,0.93,0,0,0,0,0,0,0,0,1,2000,0,-1,-1,0,0,0,0,0,5031766,216993,145960,0,0,0,2.84,0,0,0,285,0,10.44,0,0,west_south_central_uranium,0.5,0,1,1,0,0,0,0.041666667,0.083333333,0,0,0,0,0,0,0,0.25,0.25,24,24,0,0,0,0,0,0,0,0.944,40,0.033,0,0,0,0,0,0,0,0,0,0,0,0,0
TRE,TRE_geothermal_hydroflash_moderate_0,Geothermal_HydroFlash_Moderate,0,34,1,0,0,1,0,1,0,0,0,0,0,0,0,0,0,0,0,0,0,0,0,0,0,0,0,0,0,0,0,0,0,0,0,0,0,0,0,0,0,0,0.93,0,0,0,0,0,0,0,0,-1,500,0,-1,-1,0,0,0,0,0,5832709,301476,101061,0,0,0,0,0,0,0,0,0,0,0,0,None,0,0,1,1,0,0,0,0,0,0,0,0,0,0,0,0,1,1,0,0,0,0,0,0,0,0,0,0.936,30,0.036,0,0,0,0,0,0,0,0,0,0,0,0,0
TRE,TRE_landbasedwind_class3_moderate_0,LandbasedWind_Class3_Moderate_,0,35,1,1,0,1,0,0,0,0,0,0,0,0,0,0,0,0,0,0,0,0,0,0,0,0,0,0,0,0,0,0,0,0,0,0,0,0,0,0,0,0,0.8,0,0,0,0,0,0,0,0,1,1,0,62467.2,-1,0,0,0,0,0,1052987,72125,39485,0,0,0,-9.7,0,0,0,0,0,0,0,0,None,0,0,0,0,0,0,0,0,0,0,0,0,0,0,0,0,0,0,0,0,0,0,0,0,0,0,21283.48,0.933,30,0.031,0.487617046,0,0,0,0,0,0,0,0,0,0,0,0
TRE,TRE_landbasedwind_class3_moderate_1,LandbasedWind_Class3_Moderate_,1,36,1,1,0,1,0,0,0,0,0,0,0,0,0,0,0,0,0,0,0,0,0,0,0,0,0,0,0,0,0,0,0,0,0,0,0,0,0,0,0,0,0.8,0,0,0,0,0,0,0,0,1,1,0,50194,-1,0,0,0,0,0,1052987,64965,39485,0,0,0,-9.7,0,0,0,0,0,0,0,0,None,0,0,0,0,0,0,0,0,0,0,0,0,0,0,0,0,0,0,0,0,0,0,0,0,0,0,14123.336,0.933,30,0.031,0.390327722,0,0,0,0,0,0,0,0,0,0,0,0
TRE,TRE_landbasedwind_class3_moderate_2,LandbasedWind_Class3_Moderate_,2,37,1,1,0,1,0,0,0,0,0,0,0,0,0,0,0,0,0,0,0,0,0,0,0,0,0,0,0,0,0,0,0,0,0,0,0,0,0,0,0,0,0.8,0,0,0,0,0,0,0,0,1,1,0,53593.8,-1,0,0,0,0,0,1052987,71136,39485,0,0,0,-9.7,0,0,0,0,0,0,0,0,None,0,0,0,0,0,0,0,0,0,0,0,0,0,0,0,0,0,0,0,0,0,0,0,0,0,0,20294.101,0.933,30,0.031,0.434115708,0,0,0,0,0,0,0,0,0,0,0,0
TRE,TRE_landbasedwind_class3_moderate_3,LandbasedWind_Class3_Moderate_,3,38,1,1,0,1,0,0,0,0,0,0,0,0,0,0,0,0,0,0,0,0,0,0,0,0,0,0,0,0,0,0,0,0,0,0,0,0,0,0,0,0,0.8,0,0,0,0,0,0,0,0,1,1,0,26517.5,-1,0,0,0,0,0,1052987,69069,39485,0,0,0,-9.7,0,0,0,0,0,0,0,0,None,0,0,0,0,0,0,0,0,0,0,0,0,0,0,0,0,0,0,0,0,0,0,0,0,0,0,18227.779,0.933,30,0.031,0.35797441,0,0,0,0,0,0,0,0,0,0,0,0
TRE,TRE_landbasedwind_class3_moderate_4,LandbasedWind_Class3_Moderate_,4,39,1,1,0,1,0,0,0,0,0,0,0,0,0,0,0,0,0,0,0,0,0,0,0,0,0,0,0,0,0,0,0,0,0,0,0,0,0,0,0,0,0.8,0,0,0,0,0,0,0,0,1,1,0,8931.4,-1,0,0,0,0,0,1052987,68113,39485,0,0,0,-9.7,0,0,0,0,0,0,0,0,None,0,0,0,0,0,0,0,0,0,0,0,0,0,0,0,0,0,0,0,0,0,0,0,0,0,0,17271.812,0.933,30,0.031,0.327661395,0,0,0,0,0,0,0,0,0,0,0,0
TRE,TRE_landbasedwind_class3_moderate_5,LandbasedWind_Class3_Moderate_,5,40,1,1,0,1,0,0,0,0,0,0,0,0,0,0,0,0,0,0,0,0,0,0,0,0,0,0,0,0,0,0,0,0,0,0,0,0,0,0,0,0,0.8,0,0,0,0,0,0,0,0,1,1,0,6813.7,-1,0,0,0,0,0,1052987,79795,39485,0,0,0,-9.7,0,0,0,0,0,0,0,0,None,0,0,0,0,0,0,0,0,0,0,0,0,0,0,0,0,0,0,0,0,0,0,0,0,0,0,28953.527,0.933,30,0.031,0.398884624,0,0,0,0,0,0,0,0,0,0,0,0
TRE,TRE_landbasedwind_class3_moderate_6,LandbasedWind_Class3_Moderate_,6,41,1,1,0,1,0,0,0,0,0,0,0,0,0,0,0,0,0,0,0,0,0,0,0,0,0,0,0,0,0,0,0,0,0,0,0,0,0,0,0,0,0.8,0,0,0,0,0,0,0,0,1,1,0,3546,-1,0,0,0,0,0,1052987,197357,39485,0,0,0,-9.7,0,0,0,0,0,0,0,0,None,0,0,0,0,0,0,0,0,0,0,0,0,0,0,0,0,0,0,0,0,0,0,0,0,0,0,146515.421,0.933,30,0.031,0.441774547,0,0,0,0,0,0,0,0,0,0,0,0
TRE,TRE_landbasedwind_class3_moderate_7,LandbasedWind_Class3_Moderate_,7,42,1,1,0,1,0,0,0,0,0,0,0,0,0,0,0,0,0,0,0,0,0,0,0,0,0,0,0,0,0,0,0,0,0,0,0,0,0,0,0,0,0.8,0,0,0,0,0,0,0,0,1,1,0,507.1,-1,0,0,0,0,0,1052987,75639,39485,0,0,0,-9.7,0,0,0,0,0,0,0,0,None,0,0,0,0,0,0,0,0,0,0,0,0,0,0,0,0,0,0,0,0,0,0,0,0,0,0,24797.373,0.933,30,0.031,0.272578508,0,0,0,0,0,0,0,0,0,0,0,0
TRE,TRE_landbasedwind_class3_moderate_8,LandbasedWind_Class3_Moderate_,8,43,1,1,0,1,0,0,0,0,0,0,0,0,0,0,0,0,0,0,0,0,0,0,0,0,0,0,0,0,0,0,0,0,0,0,0,0,0,0,0,0,0.8,0,0,0,0,0,0,0,0,1,1,0,3768.5,-1,0,0,0,0,0,1052987,197734,39485,0,0,0,-9.7,0,0,0,0,0,0,0,0,None,0,0,0,0,0,0,0,0,0,0,0,0,0,0,0,0,0,0,0,0,0,0,0,0,0,0,146892.439,0.933,30,0.031,0.501775503,0,0,0,0,0,0,0,0,0,0,0,0
TRE,TRE_utilitypv_class1_moderate_0,UtilityPV_Class1_Moderate_,0,44,1,1,0,1,0,0,0,0,0,0,0,0,0,0,0,0,0,0,0,0,0,0,0,0,0,0,0,0,0,0,0,0,0,0,0,0,0,0,0,0,0.8,0,0,0,0,0,0,0,0,1,1,0,255154.8,-1,0,0,0,0,0,844746,47375,16373,0,0,0,-9.25,0,0,0,0,0,0,0,0,None,0,0,1,1,0,0,0,0,0,0,0,0,0,0,0,0,1,1,0,0,0,0,0,0,0,0,8144.437,0.968,30,0.025,0.250600189,0,0,0,0,0,0,0,0,0,0,0,0
TRE,TRE_utilitypv_class1_moderate_1,UtilityPV_Class1_Moderate_,1,45,1,1,0,1,0,0,0,0,0,0,0,0,0,0,0,0,0,0,0,0,0,0,0,0,0,0,0,0,0,0,0,0,0,0,0,0,0,0,0,0,0.8,0,0,0,0,0,0,0,0,1,1,0,267220.7,-1,0,0,0,0,0,844746,50831,16373,0,0,0,-9.25,0,0,0,0,0,0,0,0,None,0,0,1,1,0,0,0,0,0,0,0,0,0,0,0,0,1,1,0,0,0,0,0,0,0,0,11600.147,0.968,30,0.025,0.263759226,0,0,0,0,0,0,0,0,0,0,0,0
TRE,TRE_utilitypv_class1_moderate_2,UtilityPV_Class1_Moderate_,2,46,1,1,0,1,0,0,0,0,0,0,0,0,0,0,0,0,0,0,0,0,0,0,0,0,0,0,0,0,0,0,0,0,0,0,0,0,0,0,0,0,0.8,0,0,0,0,0,0,0,0,1,1,0,194260.2,-1,0,0,0,0,0,844746,48692,16373,0,0,0,-9.25,0,0,0,0,0,0,0,0,None,0,0,1,1,0,0,0,0,0,0,0,0,0,0,0,0,1,1,0,0,0,0,0,0,0,0,9461.097,0.968,30,0.025,0.257434189,0,0,0,0,0,0,0,0,0,0,0,0
TRE,TRE_utilitypv_class1_moderate_3,UtilityPV_Class1_Moderate_,3,47,1,1,0,1,0,0,0,0,0,0,0,0,0,0,0,0,0,0,0,0,0,0,0,0,0,0,0,0,0,0,0,0,0,0,0,0,0,0,0,0,0.8,0,0,0,0,0,0,0,0,1,1,0,294573.2,-1,0,0,0,0,0,844746,55030,16373,0,0,0,-9.25,0,0,0,0,0,0,0,0,None,0,0,1,1,0,0,0,0,0,0,0,0,0,0,0,0,1,1,0,0,0,0,0,0,0,0,15799.634,0.968,30,0.025,0.256502002,0,0,0,0,0,0,0,0,0,0,0,0
TRE,TRE_utilitypv_class1_moderate_4,UtilityPV_Class1_Moderate_,4,48,1,1,0,1,0,0,0,0,0,0,0,0,0,0,0,0,0,0,0,0,0,0,0,0,0,0,0,0,0,0,0,0,0,0,0,0,0,0,0,0,0.8,0,0,0,0,0,0,0,0,1,1,0,259795.6,-1,0,0,0,0,0,844746,58437,16373,0,0,0,-9.25,0,0,0,0,0,0,0,0,None,0,0,1,1,0,0,0,0,0,0,0,0,0,0,0,0,1,1,0,0,0,0,0,0,0,0,19206.805,0.968,30,0.025,0.267133951,0,0,0,0,0,0,0,0,0,0,0,0
TRE,TRE_utilitypv_class1_moderate_5,UtilityPV_Class1_Moderate_,5,49,1,1,0,1,0,0,0,0,0,0,0,0,0,0,0,0,0,0,0,0,0,0,0,0,0,0,0,0,0,0,0,0,0,0,0,0,0,0,0,0,0.8,0,0,0,0,0,0,0,0,1,1,0,162027.3,-1,0,0,0,0,0,844746,52275,16373,0,0,0,-9.25,0,0,0,0,0,0,0,0,None,0,0,1,1,0,0,0,0,0,0,0,0,0,0,0,0,1,1,0,0,0,0,0,0,0,0,13044.824,0.968,30,0.025,0.248120114,0,0,0,0,0,0,0,0,0,0,0,0
TRE,TRE_utilitypv_class1_moderate_6,UtilityPV_Class1_Moderate_,6,50,1,1,0,1,0,0,0,0,0,0,0,0,0,0,0,0,0,0,0,0,0,0,0,0,0,0,0,0,0,0,0,0,0,0,0,0,0,0,0,0,0.8,0,0,0,0,0,0,0,0,1,1,0,212691.5,-1,0,0,0,0,0,844746,64378,16373,0,0,0,-9.25,0,0,0,0,0,0,0,0,None,0,0,1,1,0,0,0,0,0,0,0,0,0,0,0,0,1,1,0,0,0,0,0,0,0,0,25147.789,0.968,30,0.025,0.268571883,0,0,0,0,0,0,0,0,0,0,0,0
TRE,TRE_utilitypv_class1_moderate_7,UtilityPV_Class1_Moderate_,7,51,1,1,0,1,0,0,0,0,0,0,0,0,0,0,0,0,0,0,0,0,0,0,0,0,0,0,0,0,0,0,0,0,0,0,0,0,0,0,0,0,0.8,0,0,0,0,0,0,0,0,1,1,0,240349.4,-1,0,0,0,0,0,844746,63941,16373,0,0,0,-9.25,0,0,0,0,0,0,0,0,None,0,0,1,1,0,0,0,0,0,0,0,0,0,0,0,0,1,1,0,0,0,0,0,0,0,0,24710.797,0.968,30,0.025,0.249706894,0,0,0,0,0,0,0,0,0,0,0,0
TRE,TRE_utilitypv_class1_moderate_8,UtilityPV_Class1_Moderate_,8,52,1,1,0,1,0,0,0,0,0,0,0,0,0,0,0,0,0,0,0,0,0,0,0,0,0,0,0,0,0,0,0,0,0,0,0,0,0,0,0,0,0.8,0,0,0,0,0,0,0,0,1,1,0,263421.8,-1,0,0,0,0,0,844746,63978,16373,0,0,0,-9.25,0,0,0,0,0,0,0,0,None,0,0,1,1,0,0,0,0,0,0,0,0,0,0,0,0,1,1,0,0,0,0,0,0,0,0,24747.509,0.968,30,0.025,0.255430609,0,0,0,0,0,0,0,0,0,0,0,0
TRE,TRE_offshorewind_class3_moderate_fixed_0_1,OffShoreWind_Class3_Moderate_fixed_0,1,53,1,1,0,1,0,0,0,0,0,0,0,0,0,0,0,0,0,0,0,0,0,0,0,0,0,0,0,0,0,0,0,0,0,0,0,0,0,0,0,0,0.8,0,0,0,0,0,0,0,0,1,1,0,39038.8,-1,0,0,0,0,0,1453019,131418,88602,0,0,0,0,0,0,0,0,0,0,0,0,None,0,0,1,1,0,0,0,0,0,0,0,0,0,0,0,0,1,1,0,0,0,0,0,0,0,0,46027.074,0.977,30,0.042,0.355146468,0,0,0,0,0,0,0,0,0,0,0,0
TRE,TRE_offshorewind_class3_moderate_fixed_0_2,OffShoreWind_Class3_Moderate_fixed_0,2,54,1,1,0,1,0,0,0,0,0,0,0,0,0,0,0,0,0,0,0,0,0,0,0,0,0,0,0,0,0,0,0,0,0,0,0,0,0,0,0,0,0.8,0,0,0,0,0,0,0,0,1,1,0,38886.2,-1,0,0,0,0,0,1453019,144889,88602,0,0,0,0,0,0,0,0,0,0,0,0,None,0,0,1,1,0,0,0,0,0,0,0,0,0,0,0,0,1,1,0,0,0,0,0,0,0,0,59498.555,0.977,30,0.042,0.373117626,0,0,0,0,0,0,0,0,0,0,0,0
TRE,TRE_offshorewind_class12_moderate_floating_0_1,OffShoreWind_Class12_Moderate_floating_0,1,55,1,1,0,1,0,0,0,0,0,0,0,0,0,0,0,0,0,0,0,0,0,0,0,0,0,0,0,0,0,0,0,0,0,0,0,0,0,0,0,0,0.8,0,0,0,0,0,0,0,0,1,1,0,32788,-1,0,0,0,0,0,2309133,202011,76950,0,0,0,0,0,0,0,0,0,0,0,0,None,0,0,1,1,0,0,0,0,0,0,0,0,0,0,0,0,1,1,0,0,0,0,0,0,0,0,66308.938,0.977,30,0.042,0.385680765,0,0,0,0,0,0,0,0,0,0,0,0
TRE,TRE_offshorewind_class12_moderate_floating_0_2,OffShoreWind_Class12_Moderate_floating_0,2,56,1,1,0,1,0,0,0,0,0,0,0,0,0,0,0,0,0,0,0,0,0,0,0,0,0,0,0,0,0,0,0,0,0,0,0,0,0,0,0,0,0.8,0,0,0,0,0,0,0,0,1,1,0,32770,-1,0,0,0,0,0,2309133,210253,76950,0,0,0,0,0,0,0,0,0,0,0,0,None,0,0,1,1,0,0,0,0,0,0,0,0,0,0,0,0,1,1,0,0,0,0,0,0,0,0,74550.75,0.977,30,0.042,0.399994075,0,0,0,0,0,0,0,0,0,0,0,0
TRE_WEST,TRE_WEST_naturalgas_ccccsavgcf_conservative_0,NaturalGas_CCCCSAvgCF_Conservative,0,57,2,0,1,0,0,0,0,0,0,0,0,0,0,0,0,0,0,0,0,0,0,0,0,0,0,0,0,0,0,0,0,0,0,0,0,0,0,0,0,0,0.93,0,0,0,0,0,0,0,0,1,500,0,-1,-1,0,0,0,0,0,2292360,122972,67000,0,0,0,6,0,0,0,106,0,7.16,0,0,west_south_central_naturalgas,0.6,0,1,1,0,0,0,0.106666667,0.213333333,0,0,0,0,0,0.9,-40,0.64,0.64,6,6,0,0,0,0,0,0,0,0.938,30,0.036,0,0,0,0,0,0,0,0,0,0,0,0,0
TRE_WEST,TRE_WEST_naturalgas_ccavgcf_moderate_0,NaturalGas_CCAvgCF_Moderate,0,58,2,0,1,0,0,0,0,0,0,0,0,0,0,0,0,0,0,0,0,0,0,0,0,0,0,0,0,0,0,0,0,0,0,0,0,0,0,0,0,0,0.93,0,0,0,0,0,0,0,0,1,500,0,-1,-1,0,0,0,0,0,919930,45182,28000,0,0,0,2,0,0,0,106,2,6.36,0,0,west_south_central_naturalgas,0.3,0,1,1,0,0,0,0,0,0,0,0,0,0,0,0,0.64,0.64,6,6,0,0,0,0,0,0,0,0.889,30,0.036,0,0,0,0,0,0,0,0,0,0,0,0,0
TRE_WEST,TRE_WEST_naturalgas_ctavgcf_moderate_0,NaturalGas_CTAvgCF_Moderate,0,59,2,0,1,0,0,0,0,0,0,0,0,0,0,0,0,0,0,0,0,0,0,0,0,0,0,0,0,0,0,0,0,0,0,0,0,0,0,0,0,0,0.93,0,0,0,0,0,0,0,0,1,100,0,-1,-1,0,0,0,0,0,792572,38612,21000,0,0,0,5,0,0,0,137,3.5,9.72,0,0,west_south_central_naturalgas,0.3,0,1,1,0,0,0,0,0,0,0,0,0,0,0,0,3.78,3.78,1,1,0,0,0,0,0,0,0,0.882,30,0.036,0,0,0,0,0,0,0,0,0,0,0,0,0
TRE_WEST,TRE_WEST_battery_moderate_0,Battery_*_Moderate,0,60,2,0,0,0,0,0,0,1,0,0,0,0,0,0,0,0,0,0,0,0,0,0,0,0,0,0,0,0,0,0,0,0,0,0,0,0,0,0,0,0,0.95,0,0,0,0,0,0,0,0,1,1,0,-1,-1,0,0,0,0,0,134030,10847,6303,96327.982,7795,4530,0.15,0.15,0,0,0,0,0,0,0,None,0,0,0.92,0.92,0,1,10,0,0,0,0,0,0,0,0,0,1,1,0,0,0,0,0,0,0,0,0,1,15,0.025,0,0,0,0,0,0,0,0,0,0,0,0,0
TRE_WEST,TRE_WEST_nuclear_nuclear_moderate_0,Nuclear_Nuclear_Moderate,0,61,2,0,1,0,1,0,0,0,0,0,0,0,0,0,0,0,0,0,0,0,0,0,0,0,0,0,0,0,0,0,0,0,0,0,0,0,0,0,0,0,0.93,0,0,0,0,0,0,0,0,1,2000,0,-1,-1,0,0,0,0,0,5031766,216993,145960,0,0,0,2.84,0,0,0,285,0,10.44,0,0,west_south_central_uranium,0.5,0,1,1,0,0,0,0.041666667,0.083333333,0,0,0,0,0,0,0,0.25,0.25,24,24,0,0,0,0,0,0,0,0.944,40,0.033,0,0,0,0,0,0,0,0,0,0,0,0,0
TRE_WEST,TRE_WEST_geothermal_hydroflash_moderate_0,Geothermal_HydroFlash_Moderate,0,62,2,0,0,1,0,1,0,0,0,0,0,0,0,0,0,0,0,0,0,0,0,0,0,0,0,0,0,0,0,0,0,0,0,0,0,0,0,0,0,0,0.93,0,0,0,0,0,0,0,0,-1,500,0,-1,-1,0,0,0,0,0,5832709,301476,101061,0,0,0,0,0,0,0,0,0,0,0,0,None,0,0,1,1,0,0,0,0,0,0,0,0,0,0,0,0,1,1,0,0,0,0,0,0,0,0,0,0.936,30,0.036,0,0,0,0,0,0,0,0,0,0,0,0,0
TRE_WEST,TRE_WEST_landbasedwind_class3_moderate_0,LandbasedWind_Class3_Moderate_,0,63,2,1,0,1,0,0,0,0,0,0,0,0,0,0,0,0,0,0,0,0,0,0,0,0,0,0,0,0,0,0,0,0,0,0,0,0,0,0,0,0,0.8,0,0,0,0,0,0,0,0,1,1,0,114224.5,-1,0,0,0,0,0,1052987,67845,39485,0,0,0,-9.7,0,0,0,0,0,0,0,0,None,0,0,0,0,0,0,0,0,0,0,0,0,0,0,0,0,0,0,0,0,0,0,0,0,0,0,17003.988,0.933,30,0.031,0.450876713,0,0,0,0,0,0,0,0,0,0,0,0
TRE_WEST,TRE_WEST_landbasedwind_class3_moderate_1,LandbasedWind_Class3_Moderate_,1,64,2,1,0,1,0,0,0,0,0,0,0,0,0,0,0,0,0,0,0,0,0,0,0,0,0,0,0,0,0,0,0,0,0,0,0,0,0,0,0,0,0.8,0,0,0,0,0,0,0,0,1,1,0,66721.6,-1,0,0,0,0,0,1052987,69250,39485,0,0,0,-9.7,0,0,0,0,0,0,0,0,None,0,0,0,0,0,0,0,0,0,0,0,0,0,0,0,0,0,0,0,0,0,0,0,0,0,0,18408.819,0.933,30,0.031,0.503573895,0,0,0,0,0,0,0,0,0,0,0,0
TRE_WEST,TRE_WEST_landbasedwind_class3_moderate_2,LandbasedWind_Class3_Moderate_,2,65,2,1,0,1,0,0,0,0,0,0,0,0,0,0,0,0,0,0,0,0,0,0,0,0,0,0,0,0,0,0,0,0,0,0,0,0,0,0,0,0,0.8,0,0,0,0,0,0,0,0,1,1,0,31743.7,-1,0,0,0,0,0,1052987,66531,39485,0,0,0,-9.7,0,0,0,0,0,0,0,0,None,0,0,0,0,0,0,0,0,0,0,0,0,0,0,0,0,0,0,0,0,0,0,0,0,0,0,15689.894,0.933,30,0.031,0.397526294,0,0,0,0,0,0,0,0,0,0,0,0
TRE_WEST,TRE_WEST_landbasedwind_class3_moderate_3,LandbasedWind_Class3_Moderate_,3,66,2,1,0,1,0,0,0,0,0,0,0,0,0,0,0,0,0,0,0,0,0,0,0,0,0,0,0,0,0,0,0,0,0,0,0,0,0,0,0,0,0.8,0,0,0,0,0,0,0,0,1,1,0,25624.2,-1,0,0,0,0,0,1052987,72408,39485,0,0,0,-9.7,0,0,0,0,0,0,0,0,None,0,0,0,0,0,0,0,0,0,0,0,0,0,0,0,0,0,0,0,0,0,0,0,0,0,0,21566.02,0.933,30,0.031,0.314713091,0,0,0,0,0,0,0,0,0,0,0,0
TRE_WEST,TRE_WEST_landbasedwind_class3_moderate_4,LandbasedWind_Class3_Moderate_,4,67,2,1,0,1,0,0,0,0,0,0,0,0,0,0,0,0,0,0,0,0,0,0,0,0,0,0,0,0,0,0,0,0,0,0,0,0,0,0,0,0,0.8,0,0,0,0,0,0,0,0,1,1,0,26385,-1,0,0,0,0,0,1052987,71215,39485,0,0,0,-9.7,0,0,0,0,0,0,0,0,None,0,0,0,0,0,0,0,0,0,0,0,0,0,0,0,0,0,0,0,0,0,0,0,0,0,0,20373.432,0.933,30,0.031,0.355349928,0,0,0,0,0,0,0,0,0,0,0,0
TRE_WEST,TRE_WEST_landbasedwind_class3_moderate_5,LandbasedWind_Class3_Moderate_,5,68,2,1,0,1,0,0,0,0,0,0,0,0,0,0,0,0,0,0,0,0,0,0,0,0,0,0,0,0,0,0,0,0,0,0,0,0,0,0,0,0,0.8,0,0,0,0,0,0,0,0,1,1,0,6955.9,-1,0,0,0,0,0,1052987,75678,39485,0,0,0,-9.7,0,0,0,0,0,0,0,0,None,0,0,0,0,0,0,0,0,0,0,0,0,0,0,0,0,0,0,0,0,0,0,0,0,0,0,24836.47,0.933,30,0.031,0.38767454,0,0,0,0,0,0,0,0,0,0,0,0
TRE_WEST,TRE_WEST_landbasedwind_class3_moderate_6,LandbasedWind_Class3_Moderate_,6,69,2,1,0,1,0,0,0,0,0,0,0,0,0,0,0,0,0,0,0,0,0,0,0,0,0,0,0,0,0,0,0,0,0,0,0,0,0,0,0,0,0.8,0,0,0,0,0,0,0,0,1,1,0,63042.6,-1,0,0,0,0,0,1052987,217590,39485,0,0,0,-9.7,0,0,0,0,0,0,0,0,None,0,0,0,0,0,0,0,0,0,0,0,0,0,0,0,0,0,0,0,0,0,0,0,0,0,0,166748.806,0.933,30,0.031,0.490944833,0,0,0,0,0,0,0,0,0,0,0,0
TRE_WEST,TRE_WEST_landbasedwind_class3_moderate_7,LandbasedWind_Class3_Moderate_,7,70,2,1,0,1,0,0,0,0,0,0,0,0,0,0,0,0,0,0,0,0,0,0,0,0,0,0,0,0,0,0,0,0,0,0,0,0,0,0,0,0,0.8,0,0,0,0,0,0,0,0,1,1,0,7656.9,-1,0,0,0,0,0,1052987,77036,39485,0,0,0,-9.7,0,0,0,0,0,0,0,0,None,0,0,0,0,0,0,0,0,0,0,0,0,0,0,0,0,0,0,0,0,0,0,0,0,0,0,26194.5,0.933,30,0.031,0.270671755,0,0,0,0,0,0,0,0,0,0,0,0
TRE_WEST,TRE_WEST_landbasedwind_class3_moderate_8,LandbasedWind_Class3_Moderate_,8,71,2,1,0,1,0,0,0,0,0,0,0,0,0,0,0,0,0,0,0,0,0,0,0,0,0,0,0,0,0,0,0,0,0,0,0,0,0,0,0,0,0.8,0,0,0,0,0,0,0,0,1,1,0,28056.1,-1,0,0,0,0,0,1052987,213964,39485,0,0,0,-9.7,0,0,0,0,0,0,0,0,None,0,0,0,0,0,0,0,0,0,0,0,0,0,0,0,0,0,0,0,0,0,0,0,0,0,0,163122.46,0.933,30,0.031,0.43889001,0,0,0,0,0,0,0,0,0,0,0,0
TRE_WEST,TRE_WEST_utilitypv_class1_moderate_0,UtilityPV_Class1_Moderate_,0,72,2,1,0,1,0,0,0,0,0,0,0,0,0,0,0,0,0,0,0,0,0,0,0,0,0,0,0,0,0,0,0,0,0,0,0,0,0,0,0,0,0.8,0,0,0,0,0,0,0,0,1,1,0,176497.7,-1,0,0,0,0,0,844746,53581,16373,0,0,0,-9.25,0,0,0,0,0,0,0,0,None,0,0,1,1,0,0,0,0,0,0,0,0,0,0,0,0,1,1,0,0,0,0,0,0,0,0,14350.05,0.968,30,0.025,0.293134123,0,0,0,0,0,0,0,0,0,0,0,0
TRE_WEST,TRE_WEST_utilitypv_class1_moderate_1,UtilityPV_Class1_Moderate_,1,73,2,1,0,1,0,0,0,0,0,0,0,0,0,0,0,0,0,0,0,0,0,0,0,0,0,0,0,0,0,0,0,0,0,0,0,0,0,0,0,0,0.8,0,0,0,0,0,0,0,0,1,1,0,234505,-1,0,0,0,0,0,844746,49024,16373,0,0,0,-9.25,0,0,0,0,0,0,0,0,None,0,0,1,1,0,0,0,0,0,0,0,0,0,0,0,0,1,1,0,0,0,0,0,0,0,0,9793.647,0.968,30,0.025,0.286578983,0,0,0,0,0,0,0,0,0,0,0,0
TRE_WEST,TRE_WEST_utilitypv_class1_moderate_2,UtilityPV_Class1_Moderate_,2,74,2,1,0,1,0,0,0,0,0,0,0,0,0,0,0,0,0,0,0,0,0,0,0,0,0,0,0,0,0,0,0,0,0,0,0,0,0,0,0,0,0.8,0,0,0,0,0,0,0,0,1,1,0,161116.8,-1,0,0,0,0,0,844746,49503,16373,0,0,0,-9.25,0,0,0,0,0,0,0,0,None,0,0,1,1,0,0,0,0,0,0,0,0,0,0,0,0,1,1,0,0,0,0,0,0,0,0,10272.02,0.968,30,0.025,0.281122625,0,0,0,0,0,0,0,0,0,0,0,0
TRE_WEST,TRE_WEST_utilitypv_class1_moderate_3,UtilityPV_Class1_Moderate_,3,75,2,1,0,1,0,0,0,0,0,0,0,0,0,0,0,0,0,0,0,0,0,0,0,0,0,0,0,0,0,0,0,0,0,0,0,0,0,0,0,0,0.8,0,0,0,0,0,0,0,0,1,1,0,208533,-1,0,0,0,0,0,844746,55675,16373,0,0,0,-9.25,0,0,0,0,0,0,0,0,None,0,0,1,1,0,0,0,0,0,0,0,0,0,0,0,0,1,1,0,0,0,0,0,0,0,0,16444.038,0.968,30,0.025,0.278048277,0,0,0,0,0,0,0,0,0,0,0,0
TRE_WEST,TRE_WEST_utilitypv_class1_moderate_4,UtilityPV_Class1_Moderate_,4,76,2,1,0,1,0,0,0,0,0,0,0,0,0,0,0,0,0,0,0,0,0,0,0,0,0,0,0,0,0,0,0,0,0,0,0,0,0,0,0,0,0.8,0,0,0,0,0,0,0,0,1,1,0,216171.3,-1,0,0,0,0,0,844746,60735,16373,0,0,0,-9.25,0,0,0,0,0,0,0,0,None,0,0,1,1,0,0,0,0,0,0,0,0,0,0,0,0,1,1,0,0,0,0,0,0,0,0,21504.709,0.968,30,0.025,0.2936019,0,0,0,0,0,0,0,0,0,0,0,0
TRE_WEST,TRE_WEST_utilitypv_class1_moderate_5,UtilityPV_Class1_Moderate_,5,77,2,1,0,1,0,0,0,0,0,0,0,0,0,0,0,0,0,0,0,0,0,0,0,0,0,0,0,0,0,0,0,0,0,0,0,0,0,0,0,0,0.8,0,0,0,0,0,0,0,0,1,1,0,147305,-1,0,0,0,0,0,844746,58050,16373,0,0,0,-9.25,0,0,0,0,0,0,0,0,None,0,0,1,1,0,0,0,0,0,0,0,0,0,0,0,0,1,1,0,0,0,0,0,0,0,0,18819.68,0.968,30,0.025,0.286810666,0,0,0,0,0,0,0,0,0,0,0,0
TRE_WEST,TRE_WEST_utilitypv_class1_moderate_6,UtilityPV_Class1_Moderate_,6,78,2,1,0,1,0,0,0,0,0,0,0,0,0,0,0,0,0,0,0,0,0,0,0,0,0,0,0,0,0,0,0,0,0,0,0,0,0,0,0,0,0.8,0,0,0,0,0,0,0,0,1,1,0,187795.6,-1,0,0,0,0,0,844746,66535,16373,0,0,0,-9.25,0,0,0,0,0,0,0,0,None,0,0,1,1,0,0,0,0,0,0,0,0,0,0,0,0,1,1,0,0,0,0,0,0,0,0,27304.25,0.968,30,0.025,0.293130219,0,0,0,0,0,0,0,0,0,0,0,0
TRE_WEST,TRE_WEST_utilitypv_class1_moderate_7,UtilityPV_Class1_Moderate_,7,79,2,1,0,1,0,0,0,0,0,0,0,0,0,0,0,0,0,0,0,0,0,0,0,0,0,0,0,0,0,0,0,0,0,0,0,0,0,0,0,0,0.8,0,0,0,0,0,0,0,0,1,1,0,285906.9,-1,0,0,0,0,0,844746,61593,16373,0,0,0,-9.25,0,0,0,0,0,0,0,0,None,0,0,1,1,0,0,0,0,0,0,0,0,0,0,0,0,1,1,0,0,0,0,0,0,0,0,22362.01,0.968,30,0.025,0.273926228,0,0,0,0,0,0,0,0,0,0,0,0
TRE_WEST,TRE_WEST_utilitypv_class1_moderate_8,UtilityPV_Class1_Moderate_,8,80,2,1,0,1,0,0,0,0,0,0,0,0,0,0,0,0,0,0,0,0,0,0,0,0,0,0,0,0,0,0,0,0,0,0,0,0,0,0,0,0,0.8,0,0,0,0,0,0,0,0,1,1,0,98338,-1,0,0,0,0,0,844746,64947,16373,0,0,0,-9.25,0,0,0,0,0,0,0,0,None,0,0,1,1,0,0,0,0,0,0,0,0,0,0,0,0,1,1,0,0,0,0,0,0,0,0,25716.646,0.968,30,0.025,0.281396449,0,0,0,0,0,0,0,0,0,0,0,0
TRE,TRE_trans_light_duty_1,trans_light_duty,1,81,1,0,0,0,0,0,0,0,1,0,0,0,0,0,0,0,0,0,0,0,0,0,0,0,0,0,0,0,0,0,0,0,0,0,0,0,0,0,0,0,0.95,0,0,0,0,12178.9,0,0,0,-1,0,0,0,0,0,0,0,0,0,0,0,0,0,0,0,0,0,0,0,0,0,0,0,0,None,0,0,1,1,0,0,0,0,0,0,0,5,0,1,0,0,1,1,0,0,0,0,0,0,0,0,0,0,0,0,0.25749192,0,0,0,0,0,0,0,0,0,0,0,0
TRE_WEST,TRE_WEST_trans_light_duty_1,trans_light_duty,1,82,2,0,0,0,0,0,0,0,1,0,0,0,0,0,0,0,0,0,0,0,0,0,0,0,0,0,0,0,0,0,0,0,0,0,0,0,0,0,0,0,0.95,0,0,0,0,661.2,0,0,0,-1,0,0,0,0,0,0,0,0,0,0,0,0,0,0,0,0,0,0,0,0,0,0,0,0,None,0,0,1,1,0,0,0,0,0,0,0,5,0,1,0,0,1,1,0,0,0,0,0,0,0,0,0,0,0,0,0.257491916,0,0,0,0,0,0,0,0,0,0,0,0
TRE,TRE_comm_water_heat_1,comm_water_heat,1,83,1,0,0,0,0,0,0,0,1,0,0,0,0,0,0,0,0,0,0,0,0,0,0,0,0,0,0,0,0,0,0,0,0,0,0,0,0,0,0,0,0.95,0,0,0,0,151.8,0,0,0,-1,0,0,0,0,0,0,0,0,0,0,0,0,0,0,0,0,0,0,0,0,0,0,0,0,None,0,0,1,1,0,0,0,0,0,0,0,2,2,1,0,0,1,1,0,0,0,0,0,0,0,0,0,0,0,0,0.485449044,0,0,0,0,0,0,0,0,0,0,0,0
TRE_WEST,TRE_WEST_comm_water_heat_1,comm_water_heat,1,84,2,0,0,0,0,0,0,0,1,0,0,0,0,0,0,0,0,0,0,0,0,0,0,0,0,0,0,0,0,0,0,0,0,0,0,0,0,0,0,0,0.95,0,0,0,0,8.2,0,0,0,-1,0,0,0,0,0,0,0,0,0,0,0,0,0,0,0,0,0,0,0,0,0,0,0,0,None,0,0,1,1,0,0,0,0,0,0,0,2,2,1,0,0,1,1,0,0,0,0,0,0,0,0,0,0,0,0,0.485449212,0,0,0,0,0,0,0,0,0,0,0,0
TRE,TRE_res_water_heat_1,res_water_heat,1,85,1,0,0,0,0,0,0,0,1,0,0,0,0,0,0,0,0,0,0,0,0,0,0,0,0,0,0,0,0,0,0,0,0,0,0,0,0,0,0,0,0.95,0,0,0,0,661.8,0,0,0,-1,0,0,0,0,0,0,0,0,0,0,0,0,0,0,0,0,0,0,0,0,0,0,0,0,None,0,0,1,1,0,0,0,0,0,0,0,2,2,1,0,0,1,1,0,0,0,0,0,0,0,0,0,0,0,0,0.349040787,0,0,0,0,0,0,0,0,0,0,0,0
TRE_WEST,TRE_WEST_res_water_heat_1,res_water_heat,1,86,2,0,0,0,0,0,0,0,1,0,0,0,0,0,0,0,0,0,0,0,0,0,0,0,0,0,0,0,0,0,0,0,0,0,0,0,0,0,0,0,0.95,0,0,0,0,35.9,0,0,0,-1,0,0,0,0,0,0,0,0,0,0,0,0,0,0,0,0,0,0,0,0,0,0,0,0,None,0,0,1,1,0,0,0,0,0,0,0,2,2,1,0,0,1,1,0,0,0,0,0,0,0,0,0,0,0,0,0.349040713,0,0,0,0,0,0,0,0,0,0,0,0
TRE,TRE_comm_space_heat_cool_1,comm_space_heat_cool,1,87,1,0,0,0,0,0,0,0,1,0,0,0,0,0,0,0,0,0,0,0,0,0,0,0,0,0,0,0,0,0,0,0,0,0,0,0,0,0,0,0,0.95,0,0,0,0,3437.3,0,0,0,-1,0,0,0,0,0,0,0,0,0,0,0,0,0,0,0,0,0,0,0,0,0,0,0,0,None,0,0,1,1,0,0,0,0,0,0,0,1,1,1,0,0,1,1,0,0,0,0,0,0,0,0,0,0,0,0,0.125779788,0,0,0,0,0,0,0,0,0,0,0,0
TRE_WEST,TRE_WEST_comm_space_heat_cool_1,comm_space_heat_cool,1,88,2,0,0,0,0,0,0,0,1,0,0,0,0,0,0,0,0,0,0,0,0,0,0,0,0,0,0,0,0,0,0,0,0,0,0,0,0,0,0,0,0.95,0,0,0,0,186.6,0,0,0,-1,0,0,0,0,0,0,0,0,0,0,0,0,0,0,0,0,0,0,0,0,0,0,0,0,None,0,0,1,1,0,0,0,0,0,0,0,1,1,1,0,0,1,1,0,0,0,0,0,0,0,0,0,0,0,0,0.1257794,0,0,0,0,0,0,0,0,0,0,0,0
TRE,TRE_res_space_heat_cool_1,res_space_heat_cool,1,89,1,0,0,0,0,0,0,0,1,0,0,0,0,0,0,0,0,0,0,0,0,0,0,0,0,0,0,0,0,0,0,0,0,0,0,0,0,0,0,0,0.95,0,0,0,0,6078.6,0,0,0,-1,0,0,0,0,0,0,0,0,0,0,0,0,0,0,0,0,0,0,0,0,0,0,0,0,None,0,0,1,1,0,0,0,0,0,0,0,1,1,1,0,0,1,1,0,0,0,0,0,0,0,0,0,0,0,0,0.186756424,0,0,0,0,0,0,0,0,0,0,0,0
TRE_WEST,TRE_WEST_res_space_heat_cool_1,res_space_heat_cool,1,90,2,0,0,0,0,0,0,0,1,0,0,0,0,0,0,0,0,0,0,0,0,0,0,0,0,0,0,0,0,0,0,0,0,0,0,0,0,0,0,0,0.95,0,0,0,0,330,0,0,0,-1,0,0,0,0,0,0,0,0,0,0,0,0,0,0,0,0,0,0,0,0,0,0,0,0,None,0,0,1,1,0,0,0,0,0,0,0,1,1,1,0,0,1,1,0,0,0,0,0,0,0,0,0,0,0,0,0.186756493,0,0,0,0,0,0,0,0,0,0,0,0
TRE,DAC_TES,TES,1,91,1,0,0,0,0,0,0,3,0,0,0,0,0,0,0,0,0,0,0,0,0,0,0,0,0,0,0,0,0,0,0,0,0,0,0,0,0,0,0,0,0.95,0,0,0,0,0,0,0,0,1,49.3,0,0,0,0,0,0,0,0,0,0,87.6,0,0,87.6,0.15,0.15,0,0,0,0,10.34,0,0,None,0,0.0021,0.92,0.92,0,1,10,0,0,0,0,0,0,0,0,0,1,1,0,0,0,0,0,0,0,0,0,0,0,0,0,0,0,0,0,0,0,0,0,1,537.5,1791,2687
